{"errors":[],"warnings":[],"version":"1.14.0","hash":"27a4a7f93a6d84f66dc7","publicPath":"./","assetsByChunkName":{"editor":["editor.min.js","editor.min.css"],"app":["app.min.js","app.min.css"]},"assets":[{"name":"bower_components/scroller/test/index.html","size":656,"chunks":[],"chunkNames":[]},{"name":"TweenTime/fonts/icomoon/fonts/icomoon.eot","size":1876,"chunks":[],"chunkNames":[]},{"name":"TweenTime/fonts/icomoon/fonts/icomoon.ttf","size":1712,"chunks":[],"chunkNames":[]},{"name":"TweenTime/fonts/icomoon/fonts/icomoon.woff","size":1792,"chunks":[],"chunkNames":[]},{"name":"fonts/FZLTHJW--GB1-0.eot","size":65536,"chunks":[],"chunkNames":[]},{"name":"fonts/FZLTHJW--GB1-0.svg","size":3927470,"chunks":[],"chunkNames":[]},{"name":"fonts/FZLTHJW--GB1-0.ttf","size":2213652,"chunks":[],"chunkNames":[]},{"name":"fonts/FZLTHJW--GB1-0.woff","size":1350532,"chunks":[],"chunkNames":[]},{"name":"images/compressed/landscape.png","size":12554,"chunks":[],"chunkNames":[]},{"name":"images/compressed/loading.png","size":1981,"chunks":[],"chunkNames":[]},{"name":"images/compressed/replay.png","size":4661,"chunks":[],"chunkNames":[]},{"name":"editor.min.js","size":286327,"chunks":[0],"chunkNames":["editor"],"emitted":true},{"name":"app.min.js","size":44729,"chunks":[1],"chunkNames":["app"],"emitted":true},{"name":"app.min.css","size":4612,"chunks":[1],"chunkNames":["app"],"emitted":true},{"name":"editor.min.css","size":23040,"chunks":[0],"chunkNames":["editor"],"emitted":true},{"name":"index.html","size":3468,"chunks":[],"chunkNames":[],"emitted":true},{"name":"editor.html","size":2612,"chunks":[],"chunkNames":[],"emitted":true},{"name":"webpack.stats.json","size":0,"chunks":[],"chunkNames":[]},{"name":"sounds/bg.mp3","size":223480,"chunks":[],"chunkNames":[]},{"name":"sounds/lightning.mp3","size":38824,"chunks":[],"chunkNames":[]},{"name":"sounds/vibration.mp3","size":16684,"chunks":[],"chunkNames":[]},{"name":"fonts/.DS_Store","size":6148,"chunks":[],"chunkNames":[]},{"name":"fonts/FZLTHJW--GB1-0.otf","size":4261348,"chunks":[],"chunkNames":[]},{"name":"images/.DS_Store","size":6148,"chunks":[],"chunkNames":[]},{"name":"images/compressed/.DS_Store","size":6148,"chunks":[],"chunkNames":[]},{"name":"images/compressed/share.jpeg","size":12234,"chunks":[],"chunkNames":[]},{"name":"images/compressed/sliderDown.png","size":1483,"chunks":[],"chunkNames":[]},{"name":"images/compressed/title-l.png","size":3638,"chunks":[],"chunkNames":[]},{"name":"images/compressed/title-r.png","size":3918,"chunks":[],"chunkNames":[]},{"name":"images/compressed/0/bg.jpg","size":219977,"chunks":[],"chunkNames":[]},{"name":"images/compressed/1/bg.jpg","size":187553,"chunks":[],"chunkNames":[]},{"name":"images/compressed/1/desk.png","size":662724,"chunks":[],"chunkNames":[]},{"name":"images/compressed/1/flower.png","size":238861,"chunks":[],"chunkNames":[]},{"name":"images/compressed/1/light.png","size":57150,"chunks":[],"chunkNames":[]},{"name":"images/compressed/1/phone-active.png","size":20979,"chunks":[],"chunkNames":[]},{"name":"images/compressed/1/phone.png","size":23201,"chunks":[],"chunkNames":[]},{"name":"images/compressed/1/sofa.png","size":337796,"chunks":[],"chunkNames":[]},{"name":"images/compressed/10/alert.png","size":64463,"chunks":[],"chunkNames":[]},{"name":"images/compressed/10/face.png","size":51850,"chunks":[],"chunkNames":[]},{"name":"images/compressed/10/light.png","size":52322,"chunks":[],"chunkNames":[]},{"name":"images/compressed/10/phone.png","size":86241,"chunks":[],"chunkNames":[]},{"name":"images/compressed/10/sad.png","size":52104,"chunks":[],"chunkNames":[]},{"name":"images/compressed/10/shout.png","size":226106,"chunks":[],"chunkNames":[]},{"name":"images/compressed/10/shout100.png","size":227766,"chunks":[],"chunkNames":[]},{"name":"images/compressed/11/plepeo.png","size":283625,"chunks":[],"chunkNames":[]},{"name":"images/compressed/11/she.png","size":4603,"chunks":[],"chunkNames":[]},{"name":"images/compressed/11/table.png","size":111399,"chunks":[],"chunkNames":[]},{"name":"images/compressed/11/text.png","size":14959,"chunks":[],"chunkNames":[]},{"name":"images/compressed/11/text2.png","size":8990,"chunks":[],"chunkNames":[]},{"name":"images/compressed/11/title.png","size":8234,"chunks":[],"chunkNames":[]},{"name":"images/compressed/12/.DS_Store","size":6148,"chunks":[],"chunkNames":[]},{"name":"images/compressed/12/bg.png","size":294250,"chunks":[],"chunkNames":[]},{"name":"images/compressed/12/bg2.png","size":210267,"chunks":[],"chunkNames":[]},{"name":"images/compressed/12/table.png","size":181128,"chunks":[],"chunkNames":[]},{"name":"images/compressed/12/text.png","size":28976,"chunks":[],"chunkNames":[]},{"name":"images/compressed/12/title.png","size":16733,"chunks":[],"chunkNames":[]},{"name":"images/compressed/16/bg.jpg","size":56521,"chunks":[],"chunkNames":[]},{"name":"images/compressed/16/table.png","size":236805,"chunks":[],"chunkNames":[]},{"name":"images/compressed/16/table2.png","size":111591,"chunks":[],"chunkNames":[]},{"name":"images/compressed/16/title.png","size":20227,"chunks":[],"chunkNames":[]},{"name":"images/compressed/18/bg.jpg","size":47697,"chunks":[],"chunkNames":[]},{"name":"images/compressed/18/left.png","size":77411,"chunks":[],"chunkNames":[]},{"name":"images/compressed/18/right.png","size":172896,"chunks":[],"chunkNames":[]},{"name":"images/compressed/18/text.png","size":20349,"chunks":[],"chunkNames":[]},{"name":"images/compressed/18/title1.png","size":31821,"chunks":[],"chunkNames":[]},{"name":"images/compressed/18/title2.png","size":11311,"chunks":[],"chunkNames":[]},{"name":"images/compressed/2/bg.jpg","size":59277,"chunks":[],"chunkNames":[]},{"name":"images/compressed/2/phone.png","size":193730,"chunks":[],"chunkNames":[]},{"name":"images/compressed/14/bg.png","size":331407,"chunks":[],"chunkNames":[]},{"name":"images/compressed/14/table.png","size":172340,"chunks":[],"chunkNames":[]},{"name":"images/compressed/14/text.png","size":12841,"chunks":[],"chunkNames":[]},{"name":"images/compressed/14/title.png","size":15636,"chunks":[],"chunkNames":[]},{"name":"images/compressed/21/.DS_Store","size":6148,"chunks":[],"chunkNames":[]},{"name":"images/compressed/21/1.png","size":13556,"chunks":[],"chunkNames":[]},{"name":"images/compressed/21/2.png","size":11066,"chunks":[],"chunkNames":[]},{"name":"images/compressed/21/3.png","size":11318,"chunks":[],"chunkNames":[]},{"name":"images/compressed/21/4.png","size":7746,"chunks":[],"chunkNames":[]},{"name":"images/compressed/3/bg.jpg","size":211721,"chunks":[],"chunkNames":[]},{"name":"images/compressed/3/dialog.png","size":4626,"chunks":[],"chunkNames":[]},{"name":"images/compressed/3/people.png","size":368385,"chunks":[],"chunkNames":[]},{"name":"images/compressed/4/bg.jpg","size":48829,"chunks":[],"chunkNames":[]},{"name":"images/compressed/4/hand.png","size":124454,"chunks":[],"chunkNames":[]},{"name":"images/compressed/4/number.png","size":10142,"chunks":[],"chunkNames":[]},{"name":"images/compressed/4/phone.png","size":315904,"chunks":[],"chunkNames":[]},{"name":"images/compressed/5/dialog1.png","size":10949,"chunks":[],"chunkNames":[]},{"name":"images/compressed/5/dialog2.png","size":11862,"chunks":[],"chunkNames":[]},{"name":"images/compressed/5/bg.jpg","size":222573,"chunks":[],"chunkNames":[]},{"name":"images/compressed/5/dialog3.png","size":20135,"chunks":[],"chunkNames":[]},{"name":"images/compressed/5/people.png","size":293128,"chunks":[],"chunkNames":[]},{"name":"images/compressed/6/bg.jpg","size":193788,"chunks":[],"chunkNames":[]},{"name":"images/compressed/6/dialog1.png","size":9836,"chunks":[],"chunkNames":[]},{"name":"images/compressed/6/dialog2.png","size":8189,"chunks":[],"chunkNames":[]},{"name":"images/compressed/6/dialog3.png","size":8267,"chunks":[],"chunkNames":[]},{"name":"images/compressed/6/dialog4.png","size":6362,"chunks":[],"chunkNames":[]},{"name":"images/compressed/6/dialog5.png","size":15236,"chunks":[],"chunkNames":[]},{"name":"images/compressed/6/dialog6.png","size":2643,"chunks":[],"chunkNames":[]},{"name":"images/compressed/6/dialog7.png","size":9673,"chunks":[],"chunkNames":[]},{"name":"images/compressed/6/porch.png","size":277000,"chunks":[],"chunkNames":[]},{"name":"images/compressed/7/phone.png","size":296625,"chunks":[],"chunkNames":[]},{"name":"images/compressed/8/bg.jpg","size":179298,"chunks":[],"chunkNames":[]},{"name":"images/compressed/8/left.png","size":150779,"chunks":[],"chunkNames":[]},{"name":"images/compressed/8/pieter.png","size":127588,"chunks":[],"chunkNames":[]},{"name":"images/compressed/8/right.png","size":160422,"chunks":[],"chunkNames":[]},{"name":"images/compressed/intro/.DS_Store","size":6148,"chunks":[],"chunkNames":[]},{"name":"images/compressed/9/airline.png","size":197750,"chunks":[],"chunkNames":[]},{"name":"images/compressed/9/bg.jpg","size":188746,"chunks":[],"chunkNames":[]},{"name":"images/compressed/9/center.png","size":141804,"chunks":[],"chunkNames":[]},{"name":"images/compressed/9/child.png","size":29202,"chunks":[],"chunkNames":[]},{"name":"images/compressed/9/dialog1.png","size":8118,"chunks":[],"chunkNames":[]},{"name":"images/compressed/9/dialog2.png","size":6765,"chunks":[],"chunkNames":[]},{"name":"images/compressed/9/girl.png","size":68639,"chunks":[],"chunkNames":[]},{"name":"images/compressed/9/man.png","size":37986,"chunks":[],"chunkNames":[]},{"name":"images/compressed/9/right.png","size":26585,"chunks":[],"chunkNames":[]},{"name":"bower_components/SplitText.min.js","size":11865,"chunks":[],"chunkNames":[]},{"name":"bower_components/d3/LICENSE","size":1429,"chunks":[],"chunkNames":[]},{"name":"bower_components/d3/.bower.json","size":501,"chunks":[],"chunkNames":[]},{"name":"bower_components/d3/README.md","size":949,"chunks":[],"chunkNames":[]},{"name":"bower_components/d3/bower.json","size":156,"chunks":[],"chunkNames":[]},{"name":"bower_components/d3/d3.js","size":337945,"chunks":[],"chunkNames":[]},{"name":"bower_components/d3/d3.min.js","size":151725,"chunks":[],"chunkNames":[]},{"name":"bower_components/file-saver/.bower.json","size":657,"chunks":[],"chunkNames":[]},{"name":"bower_components/file-saver/FileSaver.js","size":5965,"chunks":[],"chunkNames":[]},{"name":"bower_components/file-saver/FileSaver.min.js","size":2446,"chunks":[],"chunkNames":[]},{"name":"bower_components/file-saver/LICENSE.md","size":1101,"chunks":[],"chunkNames":[]},{"name":"bower_components/file-saver/bower.json","size":404,"chunks":[],"chunkNames":[]},{"name":"bower_components/lodash/.bower.json","size":587,"chunks":[],"chunkNames":[]},{"name":"bower_components/lodash/LICENSE.txt","size":1233,"chunks":[],"chunkNames":[]},{"name":"bower_components/lodash/bower.json","size":284,"chunks":[],"chunkNames":[]},{"name":"bower_components/lodash/lodash.js","size":406993,"chunks":[],"chunkNames":[]},{"name":"bower_components/lodash/lodash.min.js","size":51191,"chunks":[],"chunkNames":[]},{"name":"bower_components/draggable-number.js/.bower.json","size":823,"chunks":[],"chunkNames":[]},{"name":"bower_components/draggable-number.js/.gitignore","size":121,"chunks":[],"chunkNames":[]},{"name":"bower_components/draggable-number.js/LICENSE.txt","size":1089,"chunks":[],"chunkNames":[]},{"name":"bower_components/draggable-number.js/README.md","size":1691,"chunks":[],"chunkNames":[]},{"name":"bower_components/draggable-number.js/bower.json","size":471,"chunks":[],"chunkNames":[]},{"name":"bower_components/draggable-number.js/package.json","size":1149,"chunks":[],"chunkNames":[]},{"name":"bower_components/draggable-number.js/dist/draggable-number.js","size":13096,"chunks":[],"chunkNames":[]},{"name":"bower_components/draggable-number.js/dist/jquery.draggable-number.js","size":13336,"chunks":[],"chunkNames":[]},{"name":"bower_components/draggable-number.js/dist/draggable-number.min.js","size":5435,"chunks":[],"chunkNames":[]},{"name":"bower_components/draggable-number.js/dist/jquery.draggable-number.min.js","size":5621,"chunks":[],"chunkNames":[]},{"name":"bower_components/spectrum/.bower.json","size":720,"chunks":[],"chunkNames":[]},{"name":"bower_components/spectrum/bower.json","size":451,"chunks":[],"chunkNames":[]},{"name":"bower_components/spectrum/index.html","size":46257,"chunks":[],"chunkNames":[]},{"name":"bower_components/spectrum/package.json","size":336,"chunks":[],"chunkNames":[]},{"name":"bower_components/spectrum/spectrum.css","size":14921,"chunks":[],"chunkNames":[]},{"name":"bower_components/spectrum/spectrum.jquery.json","size":714,"chunks":[],"chunkNames":[]},{"name":"bower_components/spectrum/spectrum.js","size":77210,"chunks":[],"chunkNames":[]},{"name":"bower_components/spectrum/themes/index.html","size":3931,"chunks":[],"chunkNames":[]},{"name":"bower_components/spectrum/themes/sp-dark.css","size":1855,"chunks":[],"chunkNames":[]},{"name":"bower_components/spectrum/i18n/jquery.spectrum-de.js","size":490,"chunks":[],"chunkNames":[]},{"name":"bower_components/spectrum/i18n/jquery.spectrum-dk.js","size":290,"chunks":[],"chunkNames":[]},{"name":"bower_components/spectrum/i18n/jquery.spectrum-es.js","size":304,"chunks":[],"chunkNames":[]},{"name":"bower_components/spectrum/i18n/jquery.spectrum-fa.js","size":308,"chunks":[],"chunkNames":[]},{"name":"bower_components/spectrum/i18n/jquery.spectrum-fi.js","size":302,"chunks":[],"chunkNames":[]},{"name":"bower_components/spectrum/i18n/jquery.spectrum-fr.js","size":498,"chunks":[],"chunkNames":[]},{"name":"bower_components/spectrum/i18n/jquery.spectrum-he.js","size":518,"chunks":[],"chunkNames":[]},{"name":"bower_components/spectrum/i18n/jquery.spectrum-it.js","size":381,"chunks":[],"chunkNames":[]},{"name":"bower_components/spectrum/i18n/jquery.spectrum-ja.js","size":317,"chunks":[],"chunkNames":[]},{"name":"bower_components/spectrum/i18n/jquery.spectrum-nl.js","size":427,"chunks":[],"chunkNames":[]},{"name":"bower_components/spectrum/i18n/jquery.spectrum-pt-br.js","size":314,"chunks":[],"chunkNames":[]},{"name":"bower_components/spectrum/i18n/jquery.spectrum-ru.js","size":301,"chunks":[],"chunkNames":[]},{"name":"bower_components/spectrum/i18n/jquery.spectrum-sv.js","size":301,"chunks":[],"chunkNames":[]},{"name":"bower_components/spectrum/i18n/jquery.spectrum-tr.js","size":285,"chunks":[],"chunkNames":[]},{"name":"bower_components/spectrum/i18n/jquery.spectrum-zh-cn.js","size":348,"chunks":[],"chunkNames":[]},{"name":"bower_components/scroller/.gitignore","size":10,"chunks":[],"chunkNames":[]},{"name":"bower_components/scroller/.bower.json","size":373,"chunks":[],"chunkNames":[]},{"name":"bower_components/scroller/LICENSE.txt","size":1072,"chunks":[],"chunkNames":[]},{"name":"bower_components/scroller/README.md","size":4110,"chunks":[],"chunkNames":[]},{"name":"bower_components/scroller/jasyproject.json","size":42,"chunks":[],"chunkNames":[]},{"name":"TweenTime/fonts/icomoon/fonts/icomoon.svg","size":2436,"chunks":[],"chunkNames":[]},{"name":"bower_components/scroller/test/qunit.css","size":4519,"chunks":[],"chunkNames":[]},{"name":"bower_components/scroller/test/qunit.js","size":40539,"chunks":[],"chunkNames":[]},{"name":"bower_components/scroller/test/test.js","size":17477,"chunks":[],"chunkNames":[]},{"name":"bower_components/scroller/src/Animate.js","size":6721,"chunks":[],"chunkNames":[]},{"name":"bower_components/scroller/src/EasyScroller.js","size":5168,"chunks":[],"chunkNames":[]},{"name":"bower_components/scroller/src/Scroller.js","size":36220,"chunks":[],"chunkNames":[]},{"name":"bower_components/scroller/demo/canvas.html","size":3170,"chunks":[],"chunkNames":[]},{"name":"bower_components/scroller/demo/dom-list.html","size":4666,"chunks":[],"chunkNames":[]},{"name":"bower_components/scroller/demo/dom-paging-x.html","size":3413,"chunks":[],"chunkNames":[]},{"name":"bower_components/scroller/demo/dom-paging-y.html","size":3369,"chunks":[],"chunkNames":[]},{"name":"bower_components/scroller/demo/dom-snapping.html","size":3572,"chunks":[],"chunkNames":[]},{"name":"bower_components/scroller/demo/dom.html","size":2954,"chunks":[],"chunkNames":[]},{"name":"bower_components/scroller/demo/easyscroller.html","size":9367,"chunks":[],"chunkNames":[]},{"name":"bower_components/scroller/demo/native.html","size":1694,"chunks":[],"chunkNames":[]},{"name":"bower_components/scroller/demo/asset/Tiling.js","size":3654,"chunks":[],"chunkNames":[]},{"name":"bower_components/scroller/demo/asset/render.js","size":1455,"chunks":[],"chunkNames":[]},{"name":"bower_components/scroller/demo/asset/ui.css","size":1183,"chunks":[],"chunkNames":[]},{"name":"bower_components/scroller/demo/asset/ui.js","size":4284,"chunks":[],"chunkNames":[]},{"name":"bower_components/gsap/.bower.json","size":1833,"chunks":[],"chunkNames":[]},{"name":"bower_components/gsap/.gitignore","size":260,"chunks":[],"chunkNames":[]},{"name":"bower_components/gsap/README.md","size":4684,"chunks":[],"chunkNames":[]},{"name":"bower_components/gsap/bower.json","size":1551,"chunks":[],"chunkNames":[]},{"name":"bower_components/gsap/package.json","size":1993,"chunks":[],"chunkNames":[]},{"name":"bower_components/gsap/src/minified/TimelineLite.min.js","size":12440,"chunks":[],"chunkNames":[]},{"name":"bower_components/gsap/src/minified/TimelineMax.min.js","size":20104,"chunks":[],"chunkNames":[]},{"name":"bower_components/gsap/src/minified/TweenLite.min.js","size":27241,"chunks":[],"chunkNames":[]},{"name":"bower_components/gsap/src/minified/TweenMax.min.js","size":110266,"chunks":[],"chunkNames":[]},{"name":"bower_components/gsap/src/minified/jquery.gsap.min.js","size":2753,"chunks":[],"chunkNames":[]},{"name":"bower_components/gsap/src/minified/easing/EasePack.min.js","size":5470,"chunks":[],"chunkNames":[]},{"name":"bower_components/gsap/src/minified/plugins/AttrPlugin.min.js","size":867,"chunks":[],"chunkNames":[]},{"name":"bower_components/gsap/src/minified/plugins/BezierPlugin.min.js","size":8721,"chunks":[],"chunkNames":[]},{"name":"bower_components/gsap/src/minified/plugins/CSSPlugin.min.js","size":40599,"chunks":[],"chunkNames":[]},{"name":"bower_components/gsap/src/minified/plugins/ColorPropsPlugin.min.js","size":3783,"chunks":[],"chunkNames":[]},{"name":"bower_components/gsap/src/minified/plugins/CSSRulePlugin.min.js","size":1656,"chunks":[],"chunkNames":[]},{"name":"bower_components/gsap/src/minified/plugins/DirectionalRotationPlugin.min.js","size":1599,"chunks":[],"chunkNames":[]},{"name":"bower_components/gsap/src/minified/plugins/EaselPlugin.min.js","size":5505,"chunks":[],"chunkNames":[]},{"name":"bower_components/gsap/src/minified/plugins/EndArrayPlugin.min.js","size":1082,"chunks":[],"chunkNames":[]},{"name":"bower_components/gsap/src/minified/plugins/RoundPropsPlugin.min.js","size":1370,"chunks":[],"chunkNames":[]},{"name":"bower_components/gsap/src/minified/plugins/ScrollToPlugin.min.js","size":2557,"chunks":[],"chunkNames":[]},{"name":"bower_components/gsap/src/minified/plugins/RaphaelPlugin.min.js","size":5774,"chunks":[],"chunkNames":[]},{"name":"bower_components/gsap/src/minified/plugins/KineticPlugin.min.js","size":5675,"chunks":[],"chunkNames":[]},{"name":"bower_components/gsap/src/minified/plugins/TextPlugin.min.js","size":2342,"chunks":[],"chunkNames":[]},{"name":"bower_components/gsap/src/minified/utils/Draggable.min.js","size":35609,"chunks":[],"chunkNames":[]},{"name":"bower_components/gsap/src/uncompressed/TimelineLite.js","size":32684,"chunks":[],"chunkNames":[]},{"name":"bower_components/gsap/src/uncompressed/TimelineMax.js","size":55656,"chunks":[],"chunkNames":[]},{"name":"bower_components/gsap/src/uncompressed/TweenLite.js","size":81494,"chunks":[],"chunkNames":[]},{"name":"bower_components/gsap/src/uncompressed/TweenMax.js","size":350478,"chunks":[],"chunkNames":[]},{"name":"bower_components/gsap/src/uncompressed/jquery.gsap.js","size":5901,"chunks":[],"chunkNames":[]},{"name":"bower_components/gsap/src/uncompressed/easing/EasePack.js","size":10551,"chunks":[],"chunkNames":[]},{"name":"bower_components/gsap/src/uncompressed/utils/Draggable.js","size":103125,"chunks":[],"chunkNames":[]},{"name":"bower_components/gsap/src/uncompressed/plugins/AttrPlugin.js","size":1252,"chunks":[],"chunkNames":[]},{"name":"bower_components/gsap/src/uncompressed/plugins/BezierPlugin.js","size":20020,"chunks":[],"chunkNames":[]},{"name":"bower_components/gsap/src/uncompressed/plugins/CSSPlugin.js","size":152717,"chunks":[],"chunkNames":[]},{"name":"bower_components/gsap/src/uncompressed/plugins/CSSRulePlugin.js","size":4245,"chunks":[],"chunkNames":[]},{"name":"bower_components/gsap/src/uncompressed/plugins/ColorPropsPlugin.js","size":8805,"chunks":[],"chunkNames":[]},{"name":"bower_components/gsap/src/uncompressed/plugins/DirectionalRotationPlugin.js","size":2894,"chunks":[],"chunkNames":[]},{"name":"bower_components/gsap/src/uncompressed/plugins/EaselPlugin.js","size":9763,"chunks":[],"chunkNames":[]},{"name":"bower_components/gsap/src/uncompressed/plugins/EndArrayPlugin.js","size":2000,"chunks":[],"chunkNames":[]},{"name":"bower_components/gsap/src/uncompressed/plugins/KineticPlugin.js","size":11943,"chunks":[],"chunkNames":[]},{"name":"bower_components/gsap/src/uncompressed/plugins/RaphaelPlugin.js","size":16859,"chunks":[],"chunkNames":[]},{"name":"bower_components/gsap/src/uncompressed/plugins/RoundPropsPlugin.js","size":2512,"chunks":[],"chunkNames":[]},{"name":"bower_components/gsap/src/uncompressed/plugins/ScrollToPlugin.js","size":4817,"chunks":[],"chunkNames":[]},{"name":"bower_components/gsap/src/uncompressed/plugins/TextPlugin.js","size":3952,"chunks":[],"chunkNames":[]},{"name":"bower_components/gsap/src/uncompressed/plugins/TEMPLATE_Plugin.js","size":6889,"chunks":[],"chunkNames":[]},{"name":"bower_components/js-signals/.bower.json","size":839,"chunks":[],"chunkNames":[]},{"name":"bower_components/js-signals/CHANGELOG.md","size":5860,"chunks":[],"chunkNames":[]},{"name":"bower_components/js-signals/README.md","size":3530,"chunks":[],"chunkNames":[]},{"name":"bower_components/js-signals/bower.json","size":569,"chunks":[],"chunkNames":[]},{"name":"bower_components/js-signals/dist/signals.js","size":15748,"chunks":[],"chunkNames":[]},{"name":"bower_components/js-signals/dist/signals.min.js","size":3230,"chunks":[],"chunkNames":[]},{"name":"bower_components/js-signals/dist/docs/files.html","size":1857,"chunks":[],"chunkNames":[]},{"name":"bower_components/js-signals/dist/docs/index.html","size":2551,"chunks":[],"chunkNames":[]},{"name":"bower_components/js-signals/dist/docs/symbolindex.html","size":11942,"chunks":[],"chunkNames":[]},{"name":"bower_components/js-signals/dist/docs/static/default.css","size":3279,"chunks":[],"chunkNames":[]},{"name":"bower_components/js-signals/dist/docs/symbols/Signal.html","size":18275,"chunks":[],"chunkNames":[]},{"name":"bower_components/js-signals/dist/docs/symbols/SignalBinding.html","size":13954,"chunks":[],"chunkNames":[]},{"name":"bower_components/js-signals/dist/docs/symbols/_global_.html","size":2959,"chunks":[],"chunkNames":[]},{"name":"bower_components/js-signals/dist/docs/symbols/signals.html","size":4656,"chunks":[],"chunkNames":[]},{"name":"bower_components/jquery/.bower.json","size":764,"chunks":[],"chunkNames":[]},{"name":"bower_components/jquery/MIT-LICENSE.txt","size":1099,"chunks":[],"chunkNames":[]},{"name":"bower_components/jquery/bower.json","size":451,"chunks":[],"chunkNames":[]},{"name":"bower_components/jquery/dist/jquery.js","size":247597,"chunks":[],"chunkNames":[]},{"name":"bower_components/jquery/dist/jquery.min.js","size":84380,"chunks":[],"chunkNames":[]},{"name":"bower_components/jquery/dist/jquery.min.map","size":127576,"chunks":[],"chunkNames":[]},{"name":"bower_components/jquery/src/ajax.js","size":21168,"chunks":[],"chunkNames":[]},{"name":"bower_components/jquery/src/attributes.js","size":200,"chunks":[],"chunkNames":[]},{"name":"bower_components/jquery/src/callbacks.js","size":5506,"chunks":[],"chunkNames":[]},{"name":"bower_components/jquery/src/core.js","size":11790,"chunks":[],"chunkNames":[]},{"name":"bower_components/jquery/src/css.js","size":12346,"chunks":[],"chunkNames":[]},{"name":"bower_components/jquery/src/data.js","size":4942,"chunks":[],"chunkNames":[]},{"name":"bower_components/jquery/src/deferred.js","size":4414,"chunks":[],"chunkNames":[]},{"name":"bower_components/jquery/src/deprecated.js","size":223,"chunks":[],"chunkNames":[]},{"name":"bower_components/jquery/src/dimensions.js","size":1776,"chunks":[],"chunkNames":[]},{"name":"bower_components/jquery/src/effects.js","size":16914,"chunks":[],"chunkNames":[]},{"name":"bower_components/jquery/src/event.js","size":24475,"chunks":[],"chunkNames":[]},{"name":"bower_components/jquery/src/intro.js","size":1393,"chunks":[],"chunkNames":[]},{"name":"bower_components/jquery/src/jquery.js","size":574,"chunks":[],"chunkNames":[]},{"name":"bower_components/jquery/src/manipulation.js","size":15039,"chunks":[],"chunkNames":[]},{"name":"bower_components/jquery/src/offset.js","size":5588,"chunks":[],"chunkNames":[]},{"name":"bower_components/jquery/src/outro.js","size":5,"chunks":[],"chunkNames":[]},{"name":"bower_components/jquery/src/queue.js","size":3063,"chunks":[],"chunkNames":[]},{"name":"bower_components/jquery/src/selector-native.js","size":4434,"chunks":[],"chunkNames":[]},{"name":"bower_components/jquery/src/selector-sizzle.js","size":294,"chunks":[],"chunkNames":[]},{"name":"bower_components/jquery/src/selector.js","size":33,"chunks":[],"chunkNames":[]},{"name":"bower_components/jquery/src/serialize.js","size":3214,"chunks":[],"chunkNames":[]},{"name":"bower_components/jquery/src/traversing.js","size":4535,"chunks":[],"chunkNames":[]},{"name":"bower_components/jquery/src/wrap.js","size":1496,"chunks":[],"chunkNames":[]},{"name":"bower_components/jquery/src/attributes/attr.js","size":3320,"chunks":[],"chunkNames":[]},{"name":"bower_components/jquery/src/attributes/classes.js","size":4155,"chunks":[],"chunkNames":[]},{"name":"bower_components/jquery/src/attributes/prop.js","size":1854,"chunks":[],"chunkNames":[]},{"name":"bower_components/jquery/src/attributes/support.js","size":893,"chunks":[],"chunkNames":[]},{"name":"bower_components/jquery/src/attributes/val.js","size":3839,"chunks":[],"chunkNames":[]},{"name":"bower_components/jquery/src/effects/Tween.js","size":3028,"chunks":[],"chunkNames":[]},{"name":"bower_components/jquery/src/effects/animatedSelector.js","size":225,"chunks":[],"chunkNames":[]},{"name":"bower_components/jquery/src/exports/amd.js","size":1006,"chunks":[],"chunkNames":[]},{"name":"bower_components/jquery/src/exports/global.js","size":641,"chunks":[],"chunkNames":[]},{"name":"bower_components/jquery/src/event/ajax.js","size":322,"chunks":[],"chunkNames":[]},{"name":"bower_components/jquery/src/event/alias.js","size":1094,"chunks":[],"chunkNames":[]},{"name":"bower_components/jquery/src/event/support.js","size":123,"chunks":[],"chunkNames":[]},{"name":"bower_components/jquery/src/queue/delay.js","size":561,"chunks":[],"chunkNames":[]},{"name":"bower_components/jquery/src/var/arr.js","size":36,"chunks":[],"chunkNames":[]},{"name":"bower_components/jquery/src/var/class2type.js","size":64,"chunks":[],"chunkNames":[]},{"name":"bower_components/jquery/src/var/concat.js","size":63,"chunks":[],"chunkNames":[]},{"name":"bower_components/jquery/src/var/hasOwn.js","size":92,"chunks":[],"chunkNames":[]},{"name":"bower_components/jquery/src/var/indexOf.js","size":64,"chunks":[],"chunkNames":[]},{"name":"bower_components/jquery/src/var/pnum.js","size":80,"chunks":[],"chunkNames":[]},{"name":"bower_components/jquery/src/var/push.js","size":61,"chunks":[],"chunkNames":[]},{"name":"bower_components/jquery/src/var/rnotwhite.js","size":42,"chunks":[],"chunkNames":[]},{"name":"bower_components/jquery/src/var/slice.js","size":62,"chunks":[],"chunkNames":[]},{"name":"bower_components/jquery/src/var/strundefined.js","size":50,"chunks":[],"chunkNames":[]},{"name":"bower_components/jquery/src/var/support.js","size":99,"chunks":[],"chunkNames":[]},{"name":"bower_components/jquery/src/var/toString.js","size":86,"chunks":[],"chunkNames":[]},{"name":"bower_components/jquery/src/ajax/jsonp.js","size":2516,"chunks":[],"chunkNames":[]},{"name":"bower_components/jquery/src/ajax/load.js","size":1669,"chunks":[],"chunkNames":[]},{"name":"bower_components/jquery/src/ajax/parseJSON.js","size":222,"chunks":[],"chunkNames":[]},{"name":"bower_components/jquery/src/ajax/parseXML.js","size":485,"chunks":[],"chunkNames":[]},{"name":"bower_components/jquery/src/ajax/script.js","size":1271,"chunks":[],"chunkNames":[]},{"name":"bower_components/jquery/src/ajax/xhr.js","size":3488,"chunks":[],"chunkNames":[]},{"name":"bower_components/jquery/src/ajax/var/nonce.js","size":73,"chunks":[],"chunkNames":[]},{"name":"bower_components/jquery/src/ajax/var/rquery.js","size":40,"chunks":[],"chunkNames":[]},{"name":"bower_components/jquery/src/data/Data.js","size":4882,"chunks":[],"chunkNames":[]},{"name":"bower_components/jquery/src/data/accepts.js","size":383,"chunks":[],"chunkNames":[]},{"name":"bower_components/jquery/src/data/var/data_priv.js","size":66,"chunks":[],"chunkNames":[]},{"name":"bower_components/jquery/src/data/var/data_user.js","size":66,"chunks":[],"chunkNames":[]},{"name":"bower_components/jquery/src/core/access.js","size":1210,"chunks":[],"chunkNames":[]},{"name":"bower_components/jquery/src/core/init.js","size":3401,"chunks":[],"chunkNames":[]},{"name":"bower_components/jquery/src/core/parseHTML.js","size":938,"chunks":[],"chunkNames":[]},{"name":"bower_components/jquery/src/core/ready.js","size":2381,"chunks":[],"chunkNames":[]},{"name":"bower_components/jquery/src/core/var/rsingleTag.js","size":91,"chunks":[],"chunkNames":[]},{"name":"bower_components/jquery/src/css/addGetHookIf.js","size":509,"chunks":[],"chunkNames":[]},{"name":"bower_components/jquery/src/css/curCSS.js","size":1452,"chunks":[],"chunkNames":[]},{"name":"bower_components/jquery/src/css/defaultDisplay.js","size":1867,"chunks":[],"chunkNames":[]},{"name":"bower_components/jquery/src/css/hiddenVisibleSelectors.js","size":380,"chunks":[],"chunkNames":[]},{"name":"bower_components/jquery/src/css/support.js","size":3198,"chunks":[],"chunkNames":[]},{"name":"bower_components/jquery/src/css/swap.js","size":555,"chunks":[],"chunkNames":[]},{"name":"bower_components/jquery/src/css/var/cssExpand.js","size":70,"chunks":[],"chunkNames":[]},{"name":"bower_components/jquery/src/css/var/isHidden.js","size":355,"chunks":[],"chunkNames":[]},{"name":"bower_components/jquery/src/css/var/getStyles.js","size":410,"chunks":[],"chunkNames":[]},{"name":"bower_components/jquery/src/css/var/rnumnonpx.js","size":113,"chunks":[],"chunkNames":[]},{"name":"bower_components/jquery/src/css/var/rmargin.js","size":45,"chunks":[],"chunkNames":[]},{"name":"bower_components/jquery/src/traversing/findFilter.js","size":2464,"chunks":[],"chunkNames":[]},{"name":"bower_components/jquery/src/traversing/var/rneedsContext.js","size":110,"chunks":[],"chunkNames":[]},{"name":"bower_components/jquery/src/manipulation/_evalUrl.js","size":240,"chunks":[],"chunkNames":[]},{"name":"bower_components/jquery/src/manipulation/support.js","size":975,"chunks":[],"chunkNames":[]},{"name":"bower_components/jquery/src/manipulation/var/rcheckableType.js","size":59,"chunks":[],"chunkNames":[]},{"name":"bower_components/jquery/src/sizzle/dist/sizzle.js","size":59443,"chunks":[],"chunkNames":[]},{"name":"bower_components/jquery/src/sizzle/dist/sizzle.min.js","size":18626,"chunks":[],"chunkNames":[]},{"name":"bower_components/jquery/src/sizzle/dist/sizzle.min.map","size":29161,"chunks":[],"chunkNames":[]}],"chunks":[{"id":0,"rendered":true,"initial":true,"entry":true,"extraAsync":false,"size":1017491,"names":["editor"],"files":["editor.min.js","editor.min.css"],"hash":"16e137e4a9c4d32d239d","parents":[],"origins":[{"moduleId":0,"module":"multi editor","moduleIdentifier":"multi editor","moduleName":"multi editor","loc":"","name":"editor","reasons":[]}]},{"id":1,"rendered":true,"initial":true,"entry":true,"extraAsync":false,"size":80964,"names":["app"],"files":["app.min.js","app.min.css"],"hash":"e5fad3a95b8991445891","parents":[],"origins":[{"moduleId":0,"module":"multi app","moduleIdentifier":"multi app","moduleName":"multi app","loc":"","name":"app","reasons":[]}]}],"children":[{"errors":[],"warnings":[],"publicPath":"./","assetsByChunkName":{},"assets":[{"name":"TweenTime/fonts/icomoon/fonts/icomoon.eot","size":1876,"chunks":[],"chunkNames":[]},{"name":"TweenTime/fonts/icomoon/fonts/icomoon.svg","size":2436,"chunks":[],"chunkNames":[]},{"name":"TweenTime/fonts/icomoon/fonts/icomoon.ttf","size":1712,"chunks":[],"chunkNames":[]},{"name":"TweenTime/fonts/icomoon/fonts/icomoon.woff","size":1792,"chunks":[],"chunkNames":[]}],"chunks":[{"id":0,"rendered":true,"initial":true,"entry":true,"extraAsync":false,"size":3598,"names":[],"files":["extract-text-webpack-plugin-output-filename"],"hash":"7c4e86e2823f8d18fecd","parents":[],"origins":[{"moduleId":0,"module":"/Users/linmingxiong/www/h5/pdmi-timeline/node_modules/css-loader/index.js?modules&localIdentName=[local]!/Users/linmingxiong/www/h5/pdmi-timeline/node_modules/postcss-loader/index.js!/Users/linmingxiong/www/h5/pdmi-timeline/TweenTime/fonts/icomoon/style.css","moduleIdentifier":"/Users/linmingxiong/www/h5/pdmi-timeline/node_modules/css-loader/index.js?modules&localIdentName=[local]!/Users/linmingxiong/www/h5/pdmi-timeline/node_modules/postcss-loader/index.js!/Users/linmingxiong/www/h5/pdmi-timeline/TweenTime/fonts/icomoon/style.css","moduleName":"./~/css-loader?modules&localIdentName=[local]!./~/postcss-loader!./TweenTime/fonts/icomoon/style.css","loc":"","reasons":[]}]}],"children":[],"name":"extract-text-webpack-plugin"},{"errors":[],"warnings":[],"publicPath":"./","assetsByChunkName":{},"assets":[{"name":"fonts/FZLTHJW--GB1-0.eot","size":65536,"chunks":[],"chunkNames":[]},{"name":"fonts/FZLTHJW--GB1-0.svg","size":3927470,"chunks":[],"chunkNames":[]},{"name":"fonts/FZLTHJW--GB1-0.ttf","size":2213652,"chunks":[],"chunkNames":[]},{"name":"fonts/FZLTHJW--GB1-0.woff","size":1350532,"chunks":[],"chunkNames":[]},{"name":"images/compressed/landscape.png","size":12554,"chunks":[],"chunkNames":[]},{"name":"images/compressed/loading.png","size":1981,"chunks":[],"chunkNames":[]},{"name":"images/compressed/replay.png","size":4661,"chunks":[],"chunkNames":[]}],"chunks":[{"id":0,"rendered":true,"initial":true,"entry":true,"extraAsync":false,"size":7775,"names":[],"files":["extract-text-webpack-plugin-output-filename"],"hash":"6960cb336d14d562b039","parents":[],"origins":[{"moduleId":0,"module":"/Users/linmingxiong/www/h5/pdmi-timeline/node_modules/css-loader/index.js?modules&localIdentName=[local]!/Users/linmingxiong/www/h5/pdmi-timeline/node_modules/postcss-loader/index.js!/Users/linmingxiong/www/h5/pdmi-timeline/node_modules/sass-loader/index.js!/Users/linmingxiong/www/h5/pdmi-timeline/src/app.scss","moduleIdentifier":"/Users/linmingxiong/www/h5/pdmi-timeline/node_modules/css-loader/index.js?modules&localIdentName=[local]!/Users/linmingxiong/www/h5/pdmi-timeline/node_modules/postcss-loader/index.js!/Users/linmingxiong/www/h5/pdmi-timeline/node_modules/sass-loader/index.js!/Users/linmingxiong/www/h5/pdmi-timeline/src/app.scss","moduleName":"./~/css-loader?modules&localIdentName=[local]!./~/postcss-loader!./~/sass-loader!./src/app.scss","loc":"","reasons":[]}]}],"children":[],"name":"extract-text-webpack-plugin"},{"errors":[],"warnings":[],"publicPath":"./","assetsByChunkName":{},"assets":[],"chunks":[{"id":0,"rendered":true,"initial":true,"entry":true,"extraAsync":false,"size":23203,"names":[],"files":["extract-text-webpack-plugin-output-filename"],"hash":"2719c75f17619ff43f75","parents":[],"origins":[{"moduleId":0,"module":"/Users/linmingxiong/www/h5/pdmi-timeline/node_modules/css-loader/index.js?modules&localIdentName=[local]!/Users/linmingxiong/www/h5/pdmi-timeline/node_modules/postcss-loader/index.js!/Users/linmingxiong/www/h5/pdmi-timeline/node_modules/sass-loader/index.js!/Users/linmingxiong/www/h5/pdmi-timeline/TweenTime/styles/editor.sass","moduleIdentifier":"/Users/linmingxiong/www/h5/pdmi-timeline/node_modules/css-loader/index.js?modules&localIdentName=[local]!/Users/linmingxiong/www/h5/pdmi-timeline/node_modules/postcss-loader/index.js!/Users/linmingxiong/www/h5/pdmi-timeline/node_modules/sass-loader/index.js!/Users/linmingxiong/www/h5/pdmi-timeline/TweenTime/styles/editor.sass","moduleName":"./~/css-loader?modules&localIdentName=[local]!./~/postcss-loader!./~/sass-loader!./TweenTime/styles/editor.sass","loc":"","reasons":[]}]}],"children":[],"name":"extract-text-webpack-plugin"}]}