{"errors":[],"warnings":[],"version":"1.13.1","hash":"6c4988b40f7fefbd53cb","publicPath":"./","assetsByChunkName":{"main":["main-6c4988b40f7fefbd53cb.min.js","main-6c4988b40f7fefbd53cb.min.css"]},"assets":[{"name":"images/1.png","size":2395,"chunks":[],"chunkNames":[]},{"name":"79781ea0063360f5ffed23d98954359f.ttf","size":2080316,"chunks":[],"chunkNames":[],"emitted":true},{"name":"images/no-data.png","size":23296,"chunks":[],"chunkNames":[]},{"name":"main-6c4988b40f7fefbd53cb.min.js","size":969982,"chunks":[0],"chunkNames":["main"],"emitted":true},{"name":"main-6c4988b40f7fefbd53cb.min.css","size":56703,"chunks":[0],"chunkNames":["main"],"emitted":true},{"name":"index.html","size":7953,"chunks":[],"chunkNames":[],"emitted":true},{"name":"webpack.stats.json","size":0,"chunks":[],"chunkNames":[]},{"name":"images/.DS_Store","size":6148,"chunks":[],"chunkNames":[]},{"name":"images/2.png","size":2755,"chunks":[],"chunkNames":[]},{"name":"images/4.png","size":15337,"chunks":[],"chunkNames":[]},{"name":"images/3.png","size":2232,"chunks":[],"chunkNames":[]},{"name":"images/10.png","size":1658,"chunks":[],"chunkNames":[]},{"name":"images/5.png","size":1955,"chunks":[],"chunkNames":[]},{"name":"images/6.png","size":1825,"chunks":[],"chunkNames":[]},{"name":"images/7.png","size":2348,"chunks":[],"chunkNames":[]},{"name":"images/8.png","size":2256,"chunks":[],"chunkNames":[]},{"name":"images/9.png","size":2480,"chunks":[],"chunkNames":[]},{"name":"images/CRT.png","size":1633,"chunks":[],"chunkNames":[]}],"chunks":[{"id":0,"rendered":true,"initial":true,"entry":true,"extraAsync":false,"size":3682309,"names":["main"],"files":["main-6c4988b40f7fefbd53cb.min.js","main-6c4988b40f7fefbd53cb.min.css"],"hash":"045c64504fc9876344de","parents":[],"origins":[{"moduleId":0,"module":"multi main","moduleIdentifier":"multi main","moduleName":"multi main","loc":"","name":"main","reasons":[]}]}],"children":[{"errors":[],"warnings":[],"publicPath":"./","assetsByChunkName":{},"assets":[{"name":"79781ea0063360f5ffed23d98954359f.ttf","size":2080316,"chunks":[],"chunkNames":[]}],"chunks":[{"id":0,"rendered":true,"initial":true,"entry":true,"extraAsync":false,"size":2931,"names":[],"files":["extract-text-webpack-plugin-output-filename"],"hash":"de95846aa86c30af869f","parents":[],"origins":[{"moduleId":0,"module":"/Users/linmingxiong/www/h5/pdmi-crt-shenzhen/node_modules/css-loader/index.js?modules&localIdentName=[local]!/Users/linmingxiong/www/h5/pdmi-crt-shenzhen/node_modules/postcss-loader/index.js!/Users/linmingxiong/www/h5/pdmi-crt-shenzhen/app/css/global.css","moduleIdentifier":"/Users/linmingxiong/www/h5/pdmi-crt-shenzhen/node_modules/css-loader/index.js?modules&localIdentName=[local]!/Users/linmingxiong/www/h5/pdmi-crt-shenzhen/node_modules/postcss-loader/index.js!/Users/linmingxiong/www/h5/pdmi-crt-shenzhen/app/css/global.css","moduleName":"./~/css-loader?modules&localIdentName=[local]!./~/postcss-loader!./app/css/global.css","loc":"","reasons":[]}]}],"children":[],"name":"extract-text-webpack-plugin"},{"errors":[],"warnings":[],"publicPath":"./","assetsByChunkName":{},"assets":[],"chunks":[{"id":0,"rendered":true,"initial":true,"entry":true,"extraAsync":false,"size":24840,"names":[],"files":["extract-text-webpack-plugin-output-filename"],"hash":"2212c24fc782f2cea2a4","parents":[],"origins":[{"moduleId":0,"module":"/Users/linmingxiong/www/h5/pdmi-crt-shenzhen/node_modules/css-loader/index.js?modules&localIdentName=[local]!/Users/linmingxiong/www/h5/pdmi-crt-shenzhen/node_modules/postcss-loader/index.js!/Users/linmingxiong/www/h5/pdmi-crt-shenzhen/app/css/common.css","moduleIdentifier":"/Users/linmingxiong/www/h5/pdmi-crt-shenzhen/node_modules/css-loader/index.js?modules&localIdentName=[local]!/Users/linmingxiong/www/h5/pdmi-crt-shenzhen/node_modules/postcss-loader/index.js!/Users/linmingxiong/www/h5/pdmi-crt-shenzhen/app/css/common.css","moduleName":"./~/css-loader?modules&localIdentName=[local]!./~/postcss-loader!./app/css/common.css","loc":"","reasons":[]}]}],"children":[],"name":"extract-text-webpack-plugin"},{"errors":[],"warnings":[],"publicPath":"./","assetsByChunkName":{},"assets":[],"chunks":[{"id":0,"rendered":true,"initial":true,"entry":true,"extraAsync":false,"size":4483,"names":[],"files":["extract-text-webpack-plugin-output-filename"],"hash":"b7d7a754e5b08b7c1d8a","parents":[],"origins":[{"moduleId":0,"module":"/Users/linmingxiong/www/h5/pdmi-crt-shenzhen/node_modules/css-loader/index.js?modules&localIdentName=[local]!/Users/linmingxiong/www/h5/pdmi-crt-shenzhen/node_modules/postcss-loader/index.js!/Users/linmingxiong/www/h5/pdmi-crt-shenzhen/app/css/header.css","moduleIdentifier":"/Users/linmingxiong/www/h5/pdmi-crt-shenzhen/node_modules/css-loader/index.js?modules&localIdentName=[local]!/Users/linmingxiong/www/h5/pdmi-crt-shenzhen/node_modules/postcss-loader/index.js!/Users/linmingxiong/www/h5/pdmi-crt-shenzhen/app/css/header.css","moduleName":"./~/css-loader?modules&localIdentName=[local]!./~/postcss-loader!./app/css/header.css","loc":"","reasons":[]}]}],"children":[],"name":"extract-text-webpack-plugin"},{"errors":[],"warnings":[],"publicPath":"./","assetsByChunkName":{},"assets":[],"chunks":[{"id":0,"rendered":true,"initial":true,"entry":true,"extraAsync":false,"size":14882,"names":[],"files":["extract-text-webpack-plugin-output-filename"],"hash":"0f2b2a62e1dd399ffa94","parents":[],"origins":[{"moduleId":0,"module":"/Users/linmingxiong/www/h5/pdmi-crt-shenzhen/node_modules/css-loader/index.js?modules&localIdentName=[local]!/Users/linmingxiong/www/h5/pdmi-crt-shenzhen/node_modules/postcss-loader/index.js!/Users/linmingxiong/www/h5/pdmi-crt-shenzhen/app/css/tabs.css","moduleIdentifier":"/Users/linmingxiong/www/h5/pdmi-crt-shenzhen/node_modules/css-loader/index.js?modules&localIdentName=[local]!/Users/linmingxiong/www/h5/pdmi-crt-shenzhen/node_modules/postcss-loader/index.js!/Users/linmingxiong/www/h5/pdmi-crt-shenzhen/app/css/tabs.css","moduleName":"./~/css-loader?modules&localIdentName=[local]!./~/postcss-loader!./app/css/tabs.css","loc":"","reasons":[]}]}],"children":[],"name":"extract-text-webpack-plugin"},{"errors":[],"warnings":[],"publicPath":"./","assetsByChunkName":{},"assets":[{"name":"images/4.png","size":15337,"chunks":[],"chunkNames":[]},{"name":"images/no-data.png","size":23296,"chunks":[],"chunkNames":[]}],"chunks":[{"id":0,"rendered":true,"initial":true,"entry":true,"extraAsync":false,"size":10770,"names":[],"files":["extract-text-webpack-plugin-output-filename"],"hash":"aeb6efcc774118b11635","parents":[],"origins":[{"moduleId":0,"module":"/Users/linmingxiong/www/h5/pdmi-crt-shenzhen/node_modules/css-loader/index.js?modules&localIdentName=[local]!/Users/linmingxiong/www/h5/pdmi-crt-shenzhen/node_modules/postcss-loader/index.js!/Users/linmingxiong/www/h5/pdmi-crt-shenzhen/app/css/list.css","moduleIdentifier":"/Users/linmingxiong/www/h5/pdmi-crt-shenzhen/node_modules/css-loader/index.js?modules&localIdentName=[local]!/Users/linmingxiong/www/h5/pdmi-crt-shenzhen/node_modules/postcss-loader/index.js!/Users/linmingxiong/www/h5/pdmi-crt-shenzhen/app/css/list.css","moduleName":"./~/css-loader?modules&localIdentName=[local]!./~/postcss-loader!./app/css/list.css","loc":"","reasons":[]}]}],"children":[],"name":"extract-text-webpack-plugin"},{"errors":[],"warnings":[],"publicPath":"./","assetsByChunkName":{},"assets":[],"chunks":[{"id":0,"rendered":true,"initial":true,"entry":true,"extraAsync":false,"size":8447,"names":[],"files":["extract-text-webpack-plugin-output-filename"],"hash":"8d12a8b4a5a47eeb2be5","parents":[],"origins":[{"moduleId":0,"module":"/Users/linmingxiong/www/h5/pdmi-crt-shenzhen/node_modules/css-loader/index.js?modules&localIdentName=[local]!/Users/linmingxiong/www/h5/pdmi-crt-shenzhen/node_modules/postcss-loader/index.js!/Users/linmingxiong/www/h5/pdmi-crt-shenzhen/app/css/bubble.css","moduleIdentifier":"/Users/linmingxiong/www/h5/pdmi-crt-shenzhen/node_modules/css-loader/index.js?modules&localIdentName=[local]!/Users/linmingxiong/www/h5/pdmi-crt-shenzhen/node_modules/postcss-loader/index.js!/Users/linmingxiong/www/h5/pdmi-crt-shenzhen/app/css/bubble.css","moduleName":"./~/css-loader?modules&localIdentName=[local]!./~/postcss-loader!./app/css/bubble.css","loc":"","reasons":[]}]}],"children":[],"name":"extract-text-webpack-plugin"},{"errors":[],"warnings":[],"publicPath":"./","assetsByChunkName":{},"assets":[],"chunks":[{"id":0,"rendered":true,"initial":true,"entry":true,"extraAsync":false,"size":4735,"names":[],"files":["extract-text-webpack-plugin-output-filename"],"hash":"40a9a3c0b321f1fc8ca4","parents":[],"origins":[{"moduleId":0,"module":"/Users/linmingxiong/www/h5/pdmi-crt-shenzhen/node_modules/css-loader/index.js?modules&localIdentName=[local]!/Users/linmingxiong/www/h5/pdmi-crt-shenzhen/node_modules/postcss-loader/index.js!/Users/linmingxiong/www/h5/pdmi-crt-shenzhen/app/css/footer.css","moduleIdentifier":"/Users/linmingxiong/www/h5/pdmi-crt-shenzhen/node_modules/css-loader/index.js?modules&localIdentName=[local]!/Users/linmingxiong/www/h5/pdmi-crt-shenzhen/node_modules/postcss-loader/index.js!/Users/linmingxiong/www/h5/pdmi-crt-shenzhen/app/css/footer.css","moduleName":"./~/css-loader?modules&localIdentName=[local]!./~/postcss-loader!./app/css/footer.css","loc":"","reasons":[]}]}],"children":[],"name":"extract-text-webpack-plugin"}]}